ESATAN 2017 sp2;  MODEL RU_V4_COND_CONDUCTIVE;  TIME 19 March     2020  00:18:40
 
TIME,GL:(1;2),GL:(1;5),GL:(2;1),GL:(2;3),GL:(3;2),GL:(4;5),GL:(4;6),GL:(4;7),GL:(4;8),GL:(4;13),GL:(5;1),GL:(5;4),GL:(5;6),GL:(5;8),GL:(5;9),GL:(6;4),GL:(6;5),GL:(6;7),GL:(6;9),GL:(7;4),GL:(7;6),GL:(7;8),GL:(7;9),GL:(8;4),GL:(8;5),GL:(8;7),GL:(8;9),GL:(9;5),GL:(9;6),GL:(9;7),GL:(9;8),GL:(9;10),GL:(10;9),GL:(10;11),GL:(11;10),GL:(11;12),GL:(12;11),GL:(12;13),GL:(13;4),GL:(13;12),GR:(1;99998),GR:(1;99999),GR:(2;99998),GR:(2;99999),GR:(3;99999),GR:(4;99999),GR:(5;99998),GR:(5;99999),GR:(6;99998),GR:(6;99999),GR:(7;99999),GR:(8;99998),GR:(8;99999),GR:(9;99999),GR:(99998;1),GR:(99998;2),GR:(99998;5),GR:(99998;6),GR:(99998;8),GR:(99999;1),GR:(99999;2),GR:(99999;3),GR:(99999;4),GR:(99999;5),GR:(99999;6),GR:(99999;7),GR:(99999;8),GR:(99999;9),
 0.000000000000000E+00,2.000000000000000E-02,2.000000000000000E-02,2.000000000000000E-02,2.000000000000000E-02,2.000000000000000E-02,1.229820580474934E-01,1.258286082474227E-01,1.229820580474934E-01,1.258286082474227E-01,8.375000000000000E-03,2.000000000000000E-02,1.229820580474934E-01,1.416970183486239E-01,1.416970183486239E-01,1.229820580474934E-01,1.258286082474227E-01,1.416970183486239E-01,1.416970183486239E-01,1.258286082474227E-01,1.229820580474934E-01,1.416970183486239E-01,1.416970183486239E-01,1.229820580474934E-01,1.258286082474227E-01,1.416970183486239E-01,1.416970183486239E-01,1.258286082474227E-01,1.229820580474934E-01,1.258286082474227E-01,1.229820580474934E-01,1.258286082474227E-01,7.370000000000000E-03,7.370000000000000E-03,3.490300000000000E-01,3.490300000000000E-01,2.621900000000000E-01,2.621900000000000E-01,7.250000000000000E-05,8.375000000000000E-03,7.250000000000000E-05,6.448830000000000E-05,6.515950000000000E-03,6.541500000000000E-05,6.164580000000000E-03,6.230000000000000E-03,6.372370000000000E-04,6.731500000000000E-04,1.718950000000000E-05,3.265750000000000E-05,6.666480000000000E-04,6.903400000000000E-04,1.497210000000000E-04,5.495840000000000E-04,6.372370000000000E-04,6.448830000000000E-05,6.541500000000000E-05,6.731500000000000E-04,3.265750000000000E-05,1.497210000000000E-04,6.515950000000000E-03,6.164580000000000E-03,6.230000000000000E-03,6.372370000000000E-04,1.718950000000000E-05,6.666480000000000E-04,6.903400000000000E-04,5.495840000000000E-04,6.372370000000000E-04,
